POS,Probability
A,0.7748132337246532
N,0.8526315789473684
O,0.93955598768433
V,0.8055442315532002
